date,filename,insurance_beg_k,insurance_beg_b,prepay_k,prepay_b,refi_fha_k,refi_fha_b,payoff_k,payoff_b,claims_k,claims_b,conveyance_k,conveyance_b,pre_foreclosure_sale_k,pre_foreclosure_sale_b,note_sale_k,note_sale_b,third_party_sale_k,third_party_sale_b,endorsements_k,endorsemenst_b,adjustment_k,adjustment_b,insurance_end_k,insurance_end_b
2013-05-01,prorepma2013ext20130718.pdf,7803709,1096477,-122569,-20232,-51462,-8939,-71107,-11294,-22689,-3384,-11197,-1364,-3113,-573,,,-352,-51,123799,21923,20963,1376,7803213,1096160
2013-06-01,prodrepjune2013.pdf,7803213,1096160,-107372,-17554,-40244,-6706,-67128,-10848,-15126,-2118,-9328,-1126,-2859,-522,-2415,-396,-524,-73,111662,19661,18448,925,7810825,1097075
2013-07-01,prodrepjuly2013.pdf,7810825,1097075,-102400,-16187,-30363,-4757,-72037,-11430,-23789,-3426,-9200,-1161,-2437,-449,-10183,-1543,-1969,-273,105955,18725,12379,269,7802970,1096456
2013-08-01,revprodreport_aug2013.pdf,7802970,1096456,-86428,-12980,-25838,-3734,-60590,-9246,-17320,-2502,-8405,-1044,-2592,-482,-4988,-793,-1335,-182,97713,16764,13272,6,7810207,1097744
2013-09-01,prodrepsep2013rev03052014.pdf,7810207,1097744,-80630,-11987,-20295,-2810,-60335,-9177,-11613,-1741,-5737,-708,-2971,-557,-1495,-284,-1410,-191,81314,13790,11144,-419,7810422,1097388
2013-10-01,fhaprrepoct2013rev03052014.pdf,7810422,1097388,-61692,-9146,-18124,-2519,-43568,-6627,-12631,-1849,-7189,-882,-3157,-608,-407,-99,-1878,-261,83939,14310,10549,-2517,7830587,1098185
2013-11-01,prodreportnov2013.pdf,7830587,1098185,-56254,-8536,-10966,-1557,-45288,-6978,-13305,-1904,-6691,-819,-2446,-457,-2523,-399,-1645,-229,61535,10563,-58,99,7822505,1098407
2013-12-01,fhaprodreportdec2013.pdf,7822505,1098407,-58812,-9106,-11316,-1606,-47496,-7500,-14489,-2117,-5961,-723,-1858,-348,-5053,-823,-1617,-224,63010,10868,6382,-1054,7818596,1096998
2014-01-01,fhaprodreportjan2014.pdf,7818596,1096998,-48071,-7151,-11798,-1698,-36273,-5453,-20568,-3425,-5627,-692,-2868,-569,-9419,-1770,-2654,-394,65389,11360,7263,-827,7822609,1096955
2014-02-01,fhaprodrepfeb2014.pdf,7822609,1096955,-42082,-6227,-9762,-1370,-32320,-4856,-12282,-1967,-5156,-648,-1587,-299,-3762,-766,-1777,-254,47710,8150,5072,-1241,7821027,1095669
2014-03-01,fhaprodreport_mar2014.pdf,7821027,1095669,-54291,-8195,-9311,-1331,-44980,-6864,-8880,-1234,-5082,-618,-1782,-331,-2,-1,-2014,-284,51394,8715,3687,-1469,7812937,1093487
2014-04-01,fhaprodrep_apr2014.pdf,7812937,1093487,-60167,-9149,-10713,-1544,-49454,-7605,-9062,-1273,-4928,-613,-1748,-323,,,-2386,-337,61406,10334,4782,-1315,7809896,1092084
2014-05-01,fhaprodrep_may2014.pdf,7809896,1092084,-62839,-9629,-10769,-1584,-52070,-8045,-8404,-1211,-4142,-517,-1783,-333,-234,-40,-2245,-319,62959,10542,5065,-1246,7806677,1090540
2014-06-01,fhaproreport_june2014.pdf,7806677,1090540,-68391,-10775,-10334,-1505,-58057,-9270,-13739,-2102,-4416,-530,-2684,-507,-3668,-618,-2971,-448,69263,11801,5983,-1058,7799793,1088405
2014-07-01,fhaprodreport_jul2014.pdf,7799793,1088405,-73486,-11788,-10546,-1578,-62940,-10210,-18516,-2898,-4429,-526,-1712,-325,-10375,-1771,-2000,-277,74869,12970,5277,-1157,7787937,1085532
2014-08-01,fhaprodrep_aug2014.pdf,7787937,1085532,-67198,-10704,-10809,-1619,-56389,-9085,-14225,-2200,-4773,-578,-1721,-322,-6288,-1099,-1443,-202,72139,12519,5972,-1068,7784625,1084079
2014-09-01,fhaproductionrptsep2014.pdf,7784625,1084079,-68693,-10896,-10592,-1550,-58101,-9346,-8139,-1101,-5211,-623,-1362,-253,-140,-33,-1426,-192,72730,12617,6569,-1188,7787092,1083510
2014-10-01,fhaprodreport_oct2014.pdf,7787092,1083510,-72414,-11786,-11339,-1711,-61075,-10075,-15718,-2181,-5621,-672,-1075,-185,-7806,-1167,-1216,-157,75622,13140,5064,-1268,7779646,1081415
2014-11-01,fhaprodreport_nov2014.pdf,7779646,1081415,-66506,-11003,-9433,-1467,-57073,-9535,-9100,-1263,-4311,-521,-938,-165,-2882,-446,-969,-131,58297,10077,4191,-1453,7766528,1077773
2014-12-01,fhaprodreport_dec2014.pdf,7766528,1077773,-71079,-11983,-11357,-1855,-59722,-10128,-9663,-1398,-5065,-626,-1193,-219,-2079,-381,-1326,-171,67675,11860,5147,-1297,7758608,1074955
2015-01-01,fhaprodreport_jan2015.pdf,7758608,1074955,-55124,-9139,-10530,-1679,-44594,-7460,-9210,-997,-5231,-636,-1022,-178,-1754,-335,-1203,151,66287,11730,4204,-1705,7764765,1074843
2015-02-01,fhaprodreport_feb2015.pdf,7764765,1074843,-68311,-12257,-18685,-3816,-49626,-8441,-8466,-1114,-5703,-693,-1123,-203,-76,-15,-1564,-204,50411,8891,3479,-1515,7741878,1068848
2015-03-01,fhaprodreport_mar2015.pdf,7741878,1068848,-117623,-22319,-41178,-9107,-76445,-13212,-9801,-1271,-6864,-829,-1016,-180,,,-1921,-262,83444,16378,4051,-1347,7701949,1060289
2015-04-01,fhaprodreport_apr2015.pdf,7701949,1060289,-119281,-22480,-44082,-9649,-75199,-12831,-9725,-1261,-7067,-857,-1201,-213,,,-1457,-191,103403,20383,6673,-803,7683019,1056128
2015-05-01,fhaprodreport_may2015.pdf,7683019,1056128,-117432,-21611,-38514,-8285,-78918,-13326,-8517,-1099,-5678,-681,-1168,-204,,,-1671,-215,102795,20141,6128,-789,7665993,1052770
2015-06-01,fhaprodreport_jun2015.pdf,7665993,1052770,-115463,-20115,-32903,-6694,-82560,-13421,-9847,-1312,-6168,-746,-1504,-275,,,-2175,-291,128449,25141,8812,-403,7677944,1056080
2015-07-01,fhaprodreport_jul2015.pdf,7677944,1056080,-111631,-19048,-30571,-6086,-81060,-12962,-8997,-1103,-5815,-642,-1291,-223,-1,-0,-1890,-237,134187,26248,7849,-739,7699352,1061438
2015-08-01,fhaprodreport_aug2015.pdf,7699352,1061438,-95291,-15721,-22797,-4440,-72494,-11281,-13127,-1798,-5598,-613,-1203,-210,-4765,-778,-1561,-197,126316,24951,6742,-944,7723992,1067926
2015-09-01,fhaprodreport_sep2015.pdf,7723992,1067926,-97321,-15951,-22184,-4302,-75137,-11649,-9449,-1187,-5286,-567,-1249,-211,-1053,-171,-1861,-239,119325,23200,5596,-1169,7742143,1072818
2015-10-01,fhaprodreport_oct2015.pdf,7742143,1072818,-92398,-15250,-23830,-4527,-68568,-10723,-9678,-1194,-5514,-593,-1468,-251,-17,-3,-2679,-347,119186,22974,6547,-974,7765800,1078374
2015-11-01,fhaprodreport_nov2015.pdf,7765800,1078374,-76028,-12250,-17594,-3188,-58434,-9062,-8515,-1031,-4575,-489,-1099,-186,-655,-96,-2186,-260,93327,17760,6386,-1082,7780970,1081770
2015-12-01,fhaprodreport_dec2015.pdf,7780970,1081770,-84847,-13742,-19569,-3598,-65278,-10144,-11201,-1433,-5042,-546,-1282,-220,-2802,-406,-2075,-261,88674,17058,5862,-1249,7779458,1082404
2016-01-01,fhaprodreport_jan2016.pdf,7779458,1082404,-67724,-10774,-18536,-3328,-49188,-7447,-9709,-1204,-4839,-513,-921,-155,-1966,-292,-1983,-243,89426,17292,6025,-1141,7797476,1086577
2016-02-01,fhaprodreport_feb2016.pdf,7797476,1086577,-74212,-11579,-19581,-3385,-54631,-8194,-9664,-1151,-5827,-618,-1086,-189,-396,-59,-2355,-284,88715,17045,7143,-1029,7809458,1089864
2016-03-01,fhaprodreport_mar2016.pdf,7809458,1089864,-97680,-15738,-26257,-4791.7,-71423,-10947,-9283,-1094,-5557,-591,-1133,-192,-9,-1,-2584,-310,99285,18950.6,7480,-1062,7809260,1090920
2016-04-01,fhaprodreport_apr2016.pdf,7809260,1090920,-94011,-15312,-23557,-4498,-70454,-10814,-8199,-958,-4693,-501,-902,-147,-21,-4,-2583,-306,97174,18642,6157,-1182,7810381,1092110
2016-05-01,fhaprodreport_may2016.pdf,7810381,1092110,-100227,-16124,-21835,-4171,-78392,-11953,-7419,-874,-4389,-472,-865,-142,-81,-13,-2084,-246,104265,20129,6695,-1103,7813695,1094139
2016-06-01,fhaprodreport_jun2016.pdf,7813695,1094139,-111173,-18070,-25605,-4932,-85568,-13138,-10353,-1349,-4651,-500,-879,-143,-2827,-480,-1996,-227,115647,22499,6488,-1153,7814304,1096066
2016-07-01,fhaprodreport_jul2016.pdf,7814304,1096066,-102142,-16570,-25653,-4941,-76489,-11628,-9167,-1223,-3470,-368,-759,-121,-3008,-516,-1930,-218,115245,22452,6442,-1059,7824682,1099666
2016-08-01,fhaprodreport_aug2016.pdf,7824682,1099666,-119941,-19861,-28849,-5685,-91092,-14176,-8796,-1097,-4293,-474,-1286,-224,-95,-20,-3122,-379,130167,25866,8710,-791,7834822,1103783
2016-09-01,fhaprodreport_sep2016.pdf,7834822,1103783,-111894,-18892,-28854,-5852,-83040,-13040,-8164,-1022,-3595,-394,-1015,-170,-820,-134,-2734,-323,116935,23519,6796,-1107,7838495,1106282
2016-10-01,fhaprodreport_oct2016.pdf,7838495,1106282,-110665,-18648,-28617,-5824,-82048,-12824,-11352,-1494,-3297,-362,-1106,-188,-3741,-554,-3208,-390,116324,23472,7459,-993,7840261,1108620
2016-11-01,fhaprodreport_nov2016.pdf,7840261,1108620,-110532,-18620,-29248,-5840,-81284,-12779,-8818,-1128,-3206,-357,-929,-155,-1885,-288,-2798,-328,111278,22462,7080,-1068,7839269,1110267
2016-12-01,fhaprodreport_dec2016.pdf,7839269,1110267,-107392,-17901,-28256,-5553,-79136,-12347,-6504,-789,-3165,-352,-747,-122,0,0,-2592,-315,109912,22092,7549,-987,7842834,1112682
2017-01-01,fhaprodreport_jan2017.pdf,7842834,1112682,-82104,-12745,-19918,-3465,-62186,-9281,-6196,-740,-3237,-357,-663,-111,0,0,-2296,-272,114374,22992,8186,-970,7877094,1121217
2017-02-01,fhaprodreport_feb2017.pdf,7877094,1121217,-71069,-10852,-18750,-3298,-52319,-7554,-5593,-674,-2836,-321,-616,-105,-1,0,-2140,-249,85705,17038,5789,-1403,7891926,1125325
2017-03-01,fhaprodreport_mar2017.pdf,7891926,1125325,-84265,-12614,-17413,-3019,-66852,-9595,-7095,-839,-3258,-355,-633,-105,-113,-14,-3091,-365,98215,19573,5609,-1443,7904390,1130003
2017-04-01,fhaprodreport_apr2017.pdf,7904390,1130003,-76375,-11254,-13984,-2358,-62391,-8895,-6135,-743,-2442,-268,-618,-104,0,0,-3075,-372,91564,18084,4531,-1622,7917975,1134468
2017-05-01,fhaprodreport_may2017.pdf,7917975,1134468,-90019,-13418,-14096,-2315,-75923,-11103,-6735,-808,-2539,-275,-751,-129,-8,-1,-3437,-403,107221,21314,6068,-1415,7934510,1140141
2017-06-01,fhaprodreport_jun2017.pdf,7934510,1140141,-89495,-13538,-14662,-2500,-74833,-11038,-7197,-879,-2291,-248,-908,-152,0,0,-3998,-479,106758,21255,5453,-1512,7950029,1145467
2017-07-01,FHAProdReport_Jul2017.pdf,7950029,1145467,-85679,-13175,-12905,-2297,-72774,-10878,-6561,-779,-2109,-222,-704,-117,-43,-6,-3705,-434,100347,20282,4391,-1677,7962527,1150118
2017-08-01,FHAProdReport_Aug2017.pdf,7962527,1150118,-97523,-14977,-13838,-2390,-83685,-12586,-7387,-869,-2274,-243,-589,-98,0,0,-4524,-528,111747,22712,4240,-1720,7973604,1155265
2017-09-01,FHAProdReport_Sep2017.pdf,7973604,1155265,-82260,-12805,-13312,-2358,-68948,-10447,-6270,-742,-1963,-209,-491,-86,0,0,-3816,-447,92994,18887,4002,-1767,7982070,1158838
2017-10-01,FHAProdReport_Oct2017.pdf,7982070,1158838,-91160,-14486,-14595,-2649,-76565,-11837,-6572,-784,-2288,-250,-566,-94,0,0,-3718,-440,97806,19907,4519,-1710,7986663,1161765
2017-11-01,FHAProdReport_Nov2017.pdf,7986663,1161765,-84126,-13447,-14382,-2666,-69744,-10780,-6087,-713,-2185,-235,-541,-89,-25,-3,-3336,-387,88470,18019,3714,-1828,7988634,1163796
2017-12-01,FHAProdReport_Dec2017.pdf,7988634,1163796,-79367,-12594,-14882,-2789,-64485,-9806,-5256,-636,-1996,-215,-495,-83,-5,-1,-2760,-336,81370,16598,4318,-1769,7989699,1165395
2018-01-01,FHAProdReport_Jan2018.pdf,7989699,1165395,-71668,-11504,-13240,-2475,-58428,-9029,-5647,-689,-1937,-219,-565,-96,-14,-2,-3131,-373,89389,18473,3872,-1820,8005645,1169855
2018-02-01,FHAProdReport_Feb2018.pdf,8005645,1169855,-64151,-10154,-12538,-2361,-51613,-7793,-5507,-672,-1844,-201,-479,-80,-2,0,-3182,-390,68335,14269,3450,-1913,8007772,1171386
2018-03-01,FHAProdReport_Mar2018.pdf,8007772,1171386,-75544,-11267,-10912,-1944,-64632,-9323,-6220,-739,-1940,-212,-507,-85,-4,-1,-3769,-441,77732,16106,3442,-1923,8007182,1173563
2018-04-01,FHAProdReport_Apr2018.pdf,8007182,1173563,-71079,-10445,-8106,-1345,-62973,-9100,-5860,-687,-1725,-186,-446,-73,-6,-1,-3683,-427,78818,16053,3004,-2000,8012065,1176485
2018-05-01,FHAProdReport_May2018.pdf,8012065,1176485,-79325,-11760,-8265,-1387,-71060,-10373,-6375,-777,-1778,-192,-558,-91,-15,-2,-4024,-491,86627,17582,2722,-2036,8015714,1179493
2018-06-01,FHAProdReport_Jun2018.pdf,8015714,1179493,-74227,-10987,-7042,-1227,-67185,-9760,-5960,-737,-1592,-172,-493,-81,-23,-3,-3852,-482,86886,17801,2110,-2112,8024523,1183458
2018-07-01,FHAProdReport_Jul2018.pdf,8024523,1183458,-76983,-11346,-6940,-1180,-70043,-10166,-5434,-666,-1608,-172,-539,-87,-10,-2,-3277,-406,87170,18027,2211,-2086,8031487,1187387
2018-08-01,FHAProdReport_Aug2018.pdf,8031487,1187387,-84744,-11733,-8499,-1469,-76245,-10263,-5673,-686,-1688,-185,-463,-78,-3,-0,-3519,-422,94034,19477,2505,-2066,8037609,1192379
2018-09-01,FHAProdReport_Sep2018.pdf,8037609,1192379,-64470,-9556,-7528,-1302,-56942,-8254,-4535,-542,-1240,-133,-377,-60,-3,-0,-2915,-348,77980,16129,2055,-2110,8048639,1196301
2018-10-01,FHAProdReport_Oct2018.pdf,8048639,1196301,-70755,-10444,-8572,-1455,-62183,-8990,-6109,-751,-1448,-153,-555,-89,-1,-0,-4105,-509,88408,18362,2784,-2031,8062967,1201436
2018-11-01,FHAProdReport_Nov2018.pdf,8062967,1201436,-55415,-8091,-7238,-1241,-48177,-6851,-4955,-604,-1261,-139,-448,-72,-0,-0,-3246,-393,72337,14969,2191,-2145,8077125,1205565
2018-12-01,FHAProdReport_Dec2018.pdf,8077125,1205565,-56637,-8256,-6832,-1165,-49805,-7090,-4453,-528,-1240,-133,-338,-53,-6,-1,-2869,-341,67972,14127,2144,-2167,8086151,1208742
2019-01-01,FHAProdReport_Jan2019.pdf,8086151,1208742,-48298,-7150,-7302,-1297,-40996,-5852,-4807,-570,-1309,-146,-329,-53,-0,-0,-3169,-370,76673,16077,2307,-2156,8112026,1214943
2019-02-01,FHAProdReport_Feb2019.pdf,8112026,1214943,-49684,-7661,-8622,-1682,-41062,-5979,-4600,-542,-1153,-123,-245,-43,-0,-0,-3202,-375,57634,12126,1804,-2241,8117180,1216625
2019-03-01,FHAProdReport_Mar2019.pdf,8117180,1216625,-63471,-10110,-10466,-2144,-53005,-7966,-5319,-644,-1312,-142,-525,-84,-95,-12,-3387,-406,67651,14262,1993,-2195,8118034,1217938
2019-04-01,FHAProdReport_Apr2019.pdf,8118034,1217938,-75754,-12402,-11751,-2490,-64003,-9912,-5181,-638,-1263,-143,-293,-49,-4,-0,-3621,-445,78284,16631,2115,-2152,8117498,1219378
2019-05-01,FHAProdReport_May2019.pdf,8117498,1219378,-88868,-15094,-14434,-3209,-74434,-11885,-4337,-552,-1328,-150,-352,-60,-0,-0,-2657,-341,87890,18985,2656,-2062,8114839,1220655
2019-06-01,FHAProdReport_Jun2019.pdf,8114839,1220655,-85562,-14681,-15958,-3595,-69604,-11086,-4090,-513,-1325,-145,-344,-60,-0,-0,-2421,-307,87161,18942,2317,-2066,8114665,1222337
2019-07-01,FHAProdReport_Jul2019.pdf,8114665,1222337,-101239,-17990,-19835,-4656,-81404,-13334,-4167,-529,-1372,-150,-407,-70,-2,-0,-2386,-308,104004,23377,3155,-1942,8116418,1225252
2019-08-01,FHAProdReport_Aug2019.pdf,8116418,1225252,-101975,-18726,-26699,-6363,-75276,-12363,-4409,-562,-1486,-163,-378,-67,-1,-0,-2544,-331,104901,23611,2578,-1972,8117513,1227603
2019-09-01,FHAProdReport_Sep2019.pdf,8117513,1227603,-106842,-19636,-24476,-5847,-82366,-13789,-3998,-511,-1392,-153,-331,-60,-112,-16,-2163,-281,97511,22397,3622,-1825,8107806,1228028
2019-10-01,FHAProdReport_Oct2019.pdf,8107806,1228028,-123481,-23335,-34884,-8186,-88597,-15148,-4600,-589,-1461,-159,-412,-73,-27,-4,-2700,-353,114948,26538,4166,-1757,8098839,1228885
2019-11-01,FHAProdReport_Nov2019.pdf,8098839,1228885,-105858,-19966,-32751,-7630,-73107,-12336,-3973,-500,-1438,-158,-306,-53,-15,-3,-2214,-287,101290,23283,4049,-1759,8094347,1229943
2019-12-01,FHAProdReport_Dec2019.pdf,8094347,1229943,-108410,-20209,-32838,-7545,-75572,-12663,-3896,-492,-1377,-152,-311,-55,-19,-3,-2189,-282,109273,25253,4817,-1660,8096131,1232836
2020-01-01,FHAProdReport_Jan2020.pdf,8096131,1232836,-97508,-18481,-36090,-8283,-61418,-10197,-4206,-537,-1625,-181,-351,-65,-0,-0,-2230,-291,126015,29044,4705,-1730,8125137,1241132
2020-02-01,FHAProdReport_Feb2020.pdf,8125137,1241132,-95394,-18255,-34298,-7963,-61096,-10293,-3616,-463,-1381,-155,-243,-44,-0,-0,-1992,-263,98647,22883,3227,-1924,8128001,1243373
2020-03-01,FHAProdReport_Mar2020FNL.pdf,8128001,1243373,-115187,-21920,-33733,-7858,-81454,-14062,-4226,-532,-1380,-153,-319,-60,-0,-0,-2527,-319,110170,25578,3965,-1796,8122723,1244704
2020-04-01,FHAProdReport_Apr2020.pdf,8122723,1244704,-114894,-22254,-32716,-7718,-82178,-14536,-3629,-467,-1205,-137,-264,-52,-0,-0,-2160,-278,110532,25946,3338,-1911,8118070,1246018
2020-05-01,FHAProdReport_May2020.pdf,8118070,1246018,-117345,-22354,-32765,-7542,-84580,-14811,-2545,-316,-934,-103,-243,-44,-0,-0,-1368,-170,97280,22574,3130,-1899,8098590,1244023
2020-06-01,FHAProdReport_Jun2020.pdf,8098590,1244023,-139218,-26013,-33897,-7563,-105321,-18450,-2387,-303,-889,-97,-297,-56,-8,-1,-1193,-149,105794,24328,3912,-1769,8066691,1240265
2020-07-01,FHAProdReport_Jul2020.pdf,8066691,1240265,-149814,-27967,-37921,-8574,-111893,-19394,-2100,-263,-654,-69,-298,-56,-0,-0,-1148,-138,118936,27479,4599,-1674,8038312,1237840
2020-08-01,FHAProdReport_Aug2020.pdf,8038312,1237840,-146936,-27343,-37108,-8416,-109828,-18926,-1856,-241,-574,-64,-267,-49,-0,-0,-1015,-128,119135,27722,4491,-1644,8013146,1236334
2020-09-01,FHAProdReport_Sep2020.pdf,8013146,1236334,-148960,-27545,-34605,-7785,-114355,-19760,-1928,-241,-549,-58,-262,-50,-0,-0,-1117,-133,121146,28439,4950,-1575,7988354,1235412
2020-10-01,FHAProdReport_Oct2020.pdf,7988354,1235412,-157878,-29334,-38362,-8602,-119516,-20732,-1928,-244,-539,-56,-284,-56,-0,-0,-1105,-132,120381,28139,4338,-1601,7953267,1232373
2020-11-01,FHAProdReport_Nov2020.pdf,7953267,1232373,-153736,-28443,-36024,-8033,-117712,-20410,-1599,-202,-441,-50,-255,-48,-1,-0,-902,-104,110406,26046,5562,-1457,7913900,1228317
2021-01-01,FHAProdReport_Jan2021.pdf,7872710,1224189,-141518,-26994,-43773,-9856,-97745,-17137,-1501,-185,-328,-34,-294,-53,-1,-0,-878,-98,118149,28073,6705,-1202,7854545,1223881
2021-02-01,FHAProdReport_Feb2021.pdf,7854545,1223881,-152482,-29245,-47637,-10680,-104845,-18565,-1537,-191,-319,-33,-287,-52,-0,-0,-931,-106,111505,26365,8027,-988,7820058,1219822
2021-03-01,FHAProdReport_Mar2021.pdf,7820058,1219822,-199527,-37552,-58695,-13049,-140832,-24503,-1831,-219,-362,-38,-289,-52,-1,-0,-1179,-129,128735,30648,7432,-1140,7754867,1211559
2021-04-01,FHAProdReport_Apr2021.pdf,7754867,1211559,-173943,-32320,-48722,-10543,-125221,-21776,-1434,-178,-282,-30,-304,-53,-0,-0,-848,-95,125160,29553,7973,-1070,7712623,1207544
2021-05-01,FHAProdReport_May2021.pdf,7712623,1207544,-159238,-29083,-41941,-8928,-117297,-20154,-1283,-158,-224,-24,-235,-41,-66,-8,-758,-85,115422,27159,7826,-1061,7675350,1204401
2021-06-01,FHAProdReport_Jun2021.pdf,7675350,1204401,-179545,-32501,-38372,-8008,-141173,-24493,-1388,-172,-203,-21,-300,-54,-0,-0,-885,-97,125532,29894,7969,-1082,7627918,1200540
2021-07-01,FHAProdReport_Jul2021.pdf,7627918,1200540,-162195,-29420,-36696,-7578,-125499,-21842,-1120,-138,-178,-20,-204,-36,-0,-0,-738,-81,117025,28141,6944,-1271,7588572,1197853
2021-08-01,FHAProdReport_Aug2021.pdf,7588572,1197853,-167064,-30242,-32874,-6805,-134190,-23437,-1211,-142,-193,-20,-231,-39,-0,-0,-787,-84,119721,29171,6251,-1401,7546269,1195238
2021-09-01,FHAProdReport_Sep2021.pdf,7546269,1195238,-165897,-30247,-33031,-6858,-132866,-23389,-1010,-121,-170,-18,-179,-30,-1,-0,-660,-72,114026,28027,5226,-1621,7498614,1191277
2021-10-01,FHAProdReport_Oct2021.pdf,7498614,1191277,-153450,-27704,-31044,-6314,-122406,-21390,-883,-99,-202,-22,-148,-23,-0,-0,-533,-54,108395,26564,4628,-1699,7457304,1188338
2021-11-01,FHAProdReport_Nov2021.pdf,7457304,1188338,-153227,-27274,-24710,-4909,-128517,-22365,-867,-104,-184,-19,-141,-24,-3,-0,-539,-60,100393,24830,5059,-1647,7408662,1184143
2021-12-01,FHAProdReport_Dec2021.pdf,7408662,1184143,-141102,-25025,-23689,-4706,-117413,-20319,-862,-103,-187,-21,-124,-20,-0,-0,-551,-62,97689,24043,4847,-1650,7369234,1181408
2022-01-01,FHAProdReport_Jan2022.pdf,7369234,1181408,-116499,-20319,-18821,-3744,-97678,-16575,-916,-104,-161,-18,-90,-14,-6,-1,-659,-71,87066,21912,5604,-1582,7344489,1181316
2022-02-01,FHAProdReport_Feb2022.pdf,7344489,1181316,-105059,-18405,-18146,-3628,-86913,-14777,-881,-102,-191,-21,-97,-15,-0,-0,-593,-66,70925,17953,4307,-1851,7313781,1178911
2022-03-01,FHAProdReport_Mar2022.pdf,7313781,1178911,-120006,-20336,-16779,-3269,-103227,-17067,-1224,-136,-215,-23,-134,-20,-0,-0,-875,-92,82975,21694,3914,-1895,7279440,1178239
2022-04-01,FHAProdReport_Apr2022.pdf,7279440,1178239,-98084,-16274,-13327,-2553,-84757,-13720,-1365,-147,-191,-20,-129,-20,-0,-0,-1045,-106,73487,19466,3191,-2055,7256669,1179230
2022-05-01,FHAProdReport_May2022.pdf,7256669,1179230,-87943,-13874,-10581,-1922,-77362,-11952,-1245,-141,-197,-21,-133,-23,-0,-0,-915,-97,71329,18914,2671,-2149,7241481,1181981
2022-06-01,FHAProdReport_Jun2022.pdf,7241481,1181981,-77512,-11893,-9515,-1711,-67997,-10182,-1254,-139,-222,-23,-141,-23,-0,-0,-891,-93,73914,19966,2298,-2233,7238927,1187681
2022-07-01,FHAProdReport_Jul2022.pdf,7238927,1187681,-65255,-9853,-8057,-1407,-57198,-8446,-1201,-136,-219,-25,-129,-21,-1,-0,-852,-90,68969,18893,2056,-2292,7243496,1194293
2022-08-01,FHAProdReport_Aug2022.pdf,7243496,1194293,-70161,-10382,-9114,-1594,-61047,-8788,-1450,-156,-263,-28,-138,-20,-0,-0,-1049,-108,76955,21099,2243,-2265,7251083,1202589
2022-09-01,FHAProdReport_Sept2022.pdf,7251083,1202589,-59039,-8621,-8461,-1474,-50578,-7147,-1208,-128,-247,-28,-83,-12,-0,-0,-878,-88,70110,19333,2248,-2291,7263194,1210882
2022-10-01,FHAProdReport_Oct2022.pdf,7263194,1210882,-51230,-7295,-7132,-1189,-44098,-6106,-1167,-125,-228,-25,-125,-20,-0,-0,-814,-80,64478,17762,2339,-2298,7277614,1218926
2022-11-01,FHAProdReport_Nov2022.pdf,7277614,1218926,-40298,-5568,-5849,-937,-34449,-4630,-1098,-117,-254,-27,-85,-13,-0,-0,-759,-76,59434,16173,1944,-2363,7297596,1227051
2022-12-01,FHAProdReport_Dec2022.pdf,7297596,1227051,-38434,-5256,-4416,-691,-34018,-4565,-1111,-121,-320,-38,-67,-10,-0,-0,-724,-73,55235,15031,1548,-2442,7314834,1234264
2023-01-01,FHAProdReport_Jan2023.pdf,7314834,1234264,-30505,-4022,-4151,-657,-26354,-3365,-1074,-119,-317,-40,-57,-9,-0,-0,-700,-71,49883,13707,1510,-2460,7334648,1241371
2023-02-01,FHAProdReport_Feb2023.pdf,7334648,1241371,-31337,-4250,-3982,-640,-27355,-3611,-1291,-148,-354,-45,-53,-9,-0,-0,-884,-94,39328,10856,1305,-2501,7342653,1245327
2023-03-01,FHAProdReport_Mar2023.pdf,7342653,1245327,-41301,-5734,-5402,-888,-35899,-4846,-1466,-170,-390,-49,-88,-16,-1,-0,-987,-106,57525,16158,1478,-2484,7358889,1253098
2023-05-01,FHAProdReport_May2023.pdf,7377794,1261106,-45006,-6595,-5988,-1032,-39018,-5564,-1442,-176,-379,-49,-86,-18,-8,-1,-969,-108,66663,19232,1282,-2515,7399291,1271052
2023-06-01,FHAProdReport_Jun2023.pdf,7399291,1271052,-45212,-6666,-5855,-1002,-39357,-5664,-1382,-162,-374,-47,-79,-15,-1,0,-928,-101,70616,20751,1317,-2528,7424630,1282448
2023-07-01,FHAProdReport_Jul2023.pdf,7424630,1282448,-44379,-6401,-5723,-971,-38656,-5430,-1233,-147,-320,-39,-64,-15,-0,-0,-849,-93,69432,20526,1574,-2485,7450024,1293940
2023-08-01,FHAProdReport_Aug2023.pdf,7450024,1293940,-44486,-6436,-6936,-1171,-37550,-5265,-1499,-186,-427,-56,-61,-12,-0,-0,-1011,-118,77405,22779,1859,-2465,7483303,1307632
2023-09-01,FHAProdReport_Sept2023.pdf,7483303,1307632,-39969,-5673,-5864,-961,-34105,-4713,-1265,-156,-314,-40,-92,-19,-0,-0,-859,-97,65863,19255,1608,-2495,7509540,1318562
2023-10-01,FHAProdReport_Oct2023.pdf,7509540,1318562,-41375,-5822,-5773,-936,-35602,-4886,-1408,-173,-379,-48,-67,-16,-13,-2,-949,-107,65855,19209,1978,-2449,7534590,1329327
2023-11-01,FHAProdReport_Nov2023.pdf,7534590,1329327,-34202,-4637,-5255,-826,-28947,-3812,-1333,-171,-339,-45,-100,-21,-14,-2,-880,-103,61606,18001,1975,-2517,7562636,1340003
2023-12-01,FHAProdReport_Dec2023.pdf,7562636,1340003,-32127,-4395,-4685,-743,-27442,-3653,-1312,-168,-360,-49,-70,-19,-3,-0,-879,-100,55515,16168,1719,-2569,7586431,1349039
2024-01-01,FHAProdReport_Jan2024.pdf,7586431,1349039,-31875,-4559,-5566,-1083,-26309,-3476,-1385,-183,-315,-45,-83,-21,-0,-0,-987,-117,59187,17532,1277,-2638,7613635,1359192
2024-02-01,FHAProdReport_Feb2024.pdf,7613635,1359192,-34183,-5299,-7224,-1659,-26959,-3640,-1326,-177,-350,-46,-70,-18,-0,-0,-906,-112,51568,15497,1216,-2642,7630910,1366570
2024-03-01,FHAProdReport_Mar2024.pdf,7630910,1366570,-37346,-5763,-7045,-1489,-30301,-4274,-1373,-180,-347,-45,-104,-24,-0,-0,-922,-110,61301,18557,1485,-2619,7654977,1376566
2024-04-01,FHAProdReport_Apr2024.pdf,7654977,1376566,-41576,-6384,-6529,-1285,-35047,-5099,-1427,-205,-315,-43,-116,-31,-0,-0,-996,-131,64171,19287,1525,-2611,7677670,1386653
2024-05-01,FHAProdReport_May2024.pdf,7677670,1386653,-44151,-6918,-6703,-1295,-37448,-5623,-1505,-221,-364,-54,-95,-24,-0,-0,-1046,-143,70991,21508,1539,-2626,7704544,1398395
2024-06-01,FHAProdReport_Jun2024.pdf,7704544,1398395,-39121,-6224,-6226,-1282,-32895,-4941,-1235,-184,-290,-44,-123,-35,-1,-0,-821,-105,64771,19864,1424,-2637,7730383,1409215
2024-07-01,FHAProdReport_Jul2024.pdf,7730383,1409215,-44890,-7292,-7786,-1730,-37104,-5562,-1404,-191,-282,-41,-91,-26,-0,-0,-1031,-124,73170,22476,1687,-2602,7758946,1421605
2024-08-01,FHAProdReport_Aug2024.pdf,7758946,1421605,-43467,-7338,-8959,-2214,-34508,-5125,-1403,-205,-318,-52,-107,-28,-0,-0,-978,-125,71700,22045,1552,-2645,7787328,1433463
2024-09-01,FHAProdReport_Sep2024.pdf,7787328,1433463,-45828,-8262,-10836,-2950,-34992,-5312,-1322,-204,-326,-53,-106,-29,-0,-0,-890,-121,67110,20839,1623,-2639,7808911,1443197
2024-10-01,FHAProdReport_Oct2024.pdf,7808911,1443197,-53222,-10411,-16230,-4691,-36992,-5719,-1338,-200,-332,-55,-108,-31,-0,-0,-898,-115,73780,23295,1828,-2618,7829959,1453263
2024-11-01,FHAProdReport_Nov2024.pdf,7829959,1453263,-46764,-8840,-14402,-3960,-32362,-4880,-1122,-169,-274,-45,-83,-24,-0,-0,-765,-100,67639,21417,2197,-2585,7851909,1463087
2024-12-01,FHAProdReport_Dec2024.pdf,7851909,1463087,-43101,-7423,-10885,-2624,-32216,-4799,-1341,-210,-381,-66,-91,-27,-0,-0,-869,-118,73158,22842,2598,-2563,7883223,1475733
2025-01-01,fhaprodreport-jan2025.pdf,7883223,1475733,-39571,-6746,-10798,-2658,-28773,-4088,-1255,-204,-345,-60,-113,-32,-0,-0,-797,-112,74732,23304,2442,-2590,7919571,1489497
2025-02-01,fhaprodreport-feb2025.pdf,7919571,1489497,-34840,-5772,-7884,-1833,-26956,-3939,-1087,-181,-296,-49,-97,-29,-0,-0,-694,-103,60034,18849,1893,-2691,7945571,1499702
2025-03-01,FHAProd_Mar2025.pdf,7945571,1499702,-40560,-7071,-9259,-2315,-31301,-4756,-1280,-224,-328,-60,-126,-40,-0,-0,-826,-124,64204,20010,1748,-5776,7969683,1506641
2025-04-01,FHAProd_Apr2025.pdf,7969683,1506641,-47600,-8829,-12477,-3421,-35123,-5409,-1276,-220,-314,-56,-174,-52,-0,-0,-788,-112,74455,23374,-96,-0,7995166,1520965
2025-05-01,FHAProd_May2025.pdf,7995166,1520965,-48897,-9091,-11985,-3234,-36912,-5856,-1404,-245,-280,-53,-158,-46,-0,-0,-966,-145,74389,23334,1501,-2758,8020755,1532206
2025-06-01,FHAProd-June2025.pdf,8020755,1532206,-44851,-7759,-8997,-2176,-35854,-5583,-1319,-229,-285,-50,-161,-48,-0,-0,-873,-130,78257,24680,2105,-2681,8054947,1546216
